,BGI
2023-07-03,5.3000
2023-06-30,5.3000
2023-06-29,5.3100
2023-06-28,5.2200
2023-06-27,5.2200
2023-06-26,5.2000
2023-06-23,5.3500
2023-06-22,5.4000
2023-06-21,5.4000
2023-06-20,5.4000
2023-06-16,5.4900
2023-06-15,5.6000
2023-06-14,5.3000
2023-06-13,5.3000
2023-06-12,5.1600
2023-06-09,5.2300
2023-06-08,5.2500
2023-06-07,5.3000
2023-06-06,5.1600
2023-06-05,5.2000
2023-06-02,5.8000
2023-06-01,7.0400
2023-05-31,9.2600
2023-05-30,9.7500
2023-05-26,9.8000
2023-05-25,9.8000
2023-05-24,9.8300
2023-05-23,9.8200
2023-05-22,9.8000
2023-05-19,9.7500
2023-05-18,9.8300
2023-05-17,9.8200
2023-05-16,9.7800
2023-05-15,9.9100
2023-05-12,9.8800
2023-05-11,9.8400
2023-05-10,9.7000
2023-05-09,9.5500
2023-05-08,9.2200
2023-05-05,8.6600
2023-05-04,8.5500
2023-05-03,8.4200
2023-05-02,8.4500
2023-05-01,8.3200
2023-04-28,8.4600
2023-04-27,8.3700
2023-04-26,8.2100
2023-04-25,8.0900
2023-04-24,8.0800
2023-04-21,8.0800
2023-04-20,8.0900
2023-04-19,8.0900
2023-04-18,8.0900
2023-04-17,8.0900
2023-04-14,8.1000
2023-04-13,8.0800
2023-04-12,8.1100
2023-04-11,8.1000
2023-04-10,8.0700
2023-04-06,8.1100
2023-04-05,8.1000
2023-04-04,8.0900
2023-04-03,8.0500
2023-03-31,8.0800
2023-03-30,8.1200
2023-03-29,8.1100
2023-03-28,8.0600
2023-03-27,8.0500
2023-03-24,8.1300
2023-03-23,8.0200
2023-03-22,7.9900
2023-03-21,8.1200
2023-03-20,8.1300
2023-03-17,8.1300
2023-03-16,8.0400
2023-03-15,8.1000
2023-03-14,8.2300
2023-03-13,8.1600
2023-03-10,8.1500
2023-03-09,8.1600
2023-03-08,8.3200
2023-03-07,8.2400
2023-03-06,8.0800
2023-03-03,8.2200
2023-03-02,8.2200
2023-03-01,8.1600
2023-02-28,8.0900
2023-02-27,7.7300
2023-02-24,7.5600
2023-02-23,7.5700
2023-02-22,7.5100
2023-02-21,7.4600
2023-02-17,7.4900
2023-02-16,7.4600
2023-02-15,7.5000
2023-02-14,7.4800
2023-02-13,7.4800
2023-02-10,7.4800
2023-02-09,7.4900
2023-02-08,7.5300
2023-02-07,7.5100
2023-02-06,7.4800
2023-02-03,7.5100
2023-02-02,7.4200
2023-02-01,7.5000
2023-01-31,7.4900
2023-01-30,7.4500
2023-01-27,7.4300
2023-01-26,7.5100
2023-01-25,7.4600
2023-01-24,7.4900
2023-01-23,7.4200
2023-01-20,7.4800
2023-01-19,7.4100
2023-01-18,7.4700
2023-01-17,7.4900
2023-01-13,7.4800
2023-01-12,7.4700
2023-01-11,7.5100
2023-01-10,7.5100
2023-01-09,7.5700
2023-01-06,7.7500
2023-01-05,7.8300
2023-01-04,7.8600
2023-01-03,7.7800
2022-12-30,7.6000
2022-12-29,6.6600
2022-12-28,5.8200
2022-12-27,5.4500
2022-12-23,5.2200
2022-12-22,5.3800
2022-12-21,5.3300
2022-12-20,5.1700
2022-12-19,5.1400
2022-12-16,5.1400
2022-12-15,5.1600
2022-12-14,5.1600
2022-12-13,5.1700
2022-12-12,5.1400
2022-12-09,5.1100
2022-12-08,5.1300
2022-12-07,5.1300
2022-12-06,5.1500
2022-12-05,5.1300
2022-12-02,5.1200
2022-12-01,5.1300
2022-11-30,5.1800
2022-11-29,5.1800
2022-11-28,5.1200
2022-11-25,5.1600
2022-11-23,5.2000
2022-11-22,5.1500
2022-11-21,5.1300
2022-11-18,5.1400
2022-11-17,5.1100
2022-11-16,5.1100
2022-11-15,5.1500
2022-11-14,5.1900
2022-11-11,5.1200
2022-11-10,5.1000
2022-11-09,5.1000
2022-11-08,5.1000
2022-11-07,5.1500
2022-11-04,5.1100
2022-11-03,5.1100
2022-11-02,5.1300
2022-11-01,5.1300
2022-10-31,5.1000
2022-10-28,5.1100
2022-10-27,5.1400
2022-10-26,5.1500
2022-10-25,5.1200
2022-10-24,5.0800
2022-10-21,5.0600
2022-10-20,5.1500
2022-10-19,5.1000
2022-10-18,5.1100
2022-10-17,5.1700
2022-10-14,5.1500
2022-10-13,5.1500
2022-10-12,5.1500
2022-10-11,5.1400
2022-10-10,5.1000
2022-10-07,5.1200
2022-10-06,5.1300
2022-10-05,5.1700
2022-10-04,5.0900
2022-10-03,5.1900
2022-09-30,5.1500
2022-09-29,5.1500
2022-09-28,5.2000
2022-09-27,5.2100
2022-09-26,5.2000
2022-09-23,5.3700
2022-09-22,5.4000
2022-09-21,5.6200
2022-09-20,5.5500
2022-09-19,5.5700
2022-09-16,5.3700
2022-09-15,5.3100
2022-09-14,5.2500
2022-09-13,5.1400
2022-09-12,5.1400
2022-09-09,5.1500
2022-09-08,5.0500
2022-09-07,5.0600
2022-09-06,5.0600
2022-09-02,5.0700
2022-09-01,5.0600
2022-08-31,5.0500
2022-08-30,5.1200
2022-08-29,5.1100
2022-08-26,5.1400
2022-08-25,5.1000
2022-08-24,5.1200
2022-08-23,5.1200
2022-08-22,5.1200
2022-08-19,5.2900
2022-08-18,5.2300
2022-08-17,5.1600
2022-08-16,5.0900
2022-08-15,5.0800
2022-08-12,5.0800
2022-08-11,5.0700
2022-08-10,5.0500
2022-08-09,5.0600
2022-08-08,5.1200
2022-08-05,5.0700
2022-08-04,5.1200
2022-08-03,5.0800
2022-08-02,5.1000
2022-08-01,5.0900
2022-07-29,5.0700
2022-07-28,5.0900
2022-07-27,5.1000
2022-07-26,5.0800
2022-07-25,5.0800
2022-07-22,5.0600
2022-07-21,5.0600
2022-07-20,5.0600
2022-07-19,5.0500
2022-07-18,5.0600
2022-07-15,5.0400
2022-07-14,5.0500
2022-07-13,5.0500
2022-07-12,5.1200
2022-07-11,5.1300
2022-07-08,5.1500
2022-07-07,5.1700
2022-07-06,5.1600
2022-07-05,5.1800
2022-07-01,5.1800
2022-06-30,5.1900
2022-06-29,5.2200
2022-06-28,5.1600
2022-06-27,5.2100
2022-06-24,5.1900
2022-06-23,5.1100
2022-06-22,5.1100
2022-06-21,5.0500
2022-06-17,5.0100
2022-06-16,5.0100
2022-06-15,5.0000
2022-06-14,5.0000
2022-06-13,5.0000
2022-06-10,5.0000
2022-06-09,5.0000
2022-06-08,5.0000
2022-06-07,5.0100
2022-06-06,5.0100
2022-06-03,5.0200
2022-06-02,5.0400
2022-06-01,5.0100
2022-05-31,5.0200
2022-05-27,5.0200
2022-05-26,5.0100
2022-05-25,5.0400
2022-05-24,5.0100
2022-05-23,5.0400
2022-05-20,5.0200
2022-05-19,5.0300
2022-05-18,5.0100
2022-05-17,5.1300
2022-05-16,5.0500
2022-05-13,5.0200
2022-05-12,5.0000
2022-05-11,4.9900
2022-05-10,5.0700
2022-05-09,5.0000
2022-05-06,5.0700
2022-05-05,5.0900
2022-05-04,5.1200
2022-05-03,5.0900
2022-05-02,5.0100
2022-04-29,5.1100
2022-04-28,4.9800
2022-04-27,4.2900
2022-04-26,5.4100
2022-04-25,5.7000
2022-04-22,5.7500
2022-04-21,5.7800
2022-04-20,5.7000
2022-04-19,5.7900
2022-04-18,5.8500
2022-04-14,5.8100
2022-04-13,5.8300
2022-04-12,5.7700
2022-04-11,5.7900
2022-04-08,5.7100
2022-04-07,5.7300
2022-04-06,5.7600
2022-04-05,5.6000
2022-04-04,5.3100
2022-04-01,5.1300
2022-03-31,5.1600
2022-03-30,5.0600
2022-03-29,5.0500
2022-03-28,5.0500
2022-03-25,5.0300
2022-03-24,5.0500
2022-03-23,5.0300
2022-03-22,5.0000
2022-03-21,4.7200
2022-03-18,4.6600
2022-03-17,4.5600
2022-03-16,4.5300
2022-03-15,4.4900
2022-03-14,4.4800
2022-03-11,4.5400
2022-03-10,4.5700
2022-03-09,4.5900
2022-03-08,4.5200
2022-03-07,4.5200
2022-03-04,4.5400
2022-03-03,4.5000
2022-03-02,4.5600
2022-03-01,4.6200
2022-02-28,4.6100
2022-02-25,4.6600
2022-02-24,4.4600
2022-02-23,4.5100
2022-02-22,4.4400
2022-02-18,4.5000
2022-02-17,4.5100
2022-02-16,4.5000
2022-02-15,4.5200
2022-02-14,4.5200
2022-02-11,4.4800
2022-02-10,4.5000
2022-02-09,4.5200
2022-02-08,4.5200
2022-02-07,4.5100
2022-02-04,4.3600
2022-02-03,4.3000
2022-02-02,4.4500
2022-02-01,4.5500
2022-01-31,4.6100
2022-01-28,4.5000
2022-01-27,4.4000
2022-01-26,4.5200
2022-01-25,4.5600
2022-01-24,4.5200
2022-01-21,4.5200
2022-01-20,4.5300
2022-01-19,4.6600
2022-01-18,4.3900
2022-01-14,4.6000
2022-01-13,4.6000
2022-01-12,4.5900
2022-01-11,4.5300
2022-01-10,4.5400
2022-01-07,4.6600
2022-01-06,4.4500
2022-01-05,4.4800
2022-01-04,4.5600
2022-01-03,4.5500
2021-12-31,4.6100
2021-12-30,4.6100
2021-12-29,4.5900
2021-12-28,4.5500
2021-12-27,4.4500
2021-12-23,4.5200
2021-12-22,4.4600
2021-12-21,4.4900
2021-12-20,4.2800
2021-12-17,4.5200
2021-12-16,4.4700
2021-12-15,4.1400
2021-12-14,4.1100
2021-12-13,4.9000
2021-12-10,5.0400
2021-12-09,5.0000
2021-12-08,4.9500
2021-12-07,4.8400
2021-12-06,4.4500
2021-12-03,4.4200
2021-12-02,4.2800
2021-12-01,4.2500
2021-11-30,4.1000
2021-11-29,4.2600
2021-11-26,4.4600
2021-11-24,4.0600
2021-11-23,4.1300
2021-11-22,3.6600
2021-11-19,3.3300
2021-11-18,3.1000
2021-11-17,2.8200
2021-11-16,2.7800
2021-11-15,2.8300
2021-11-12,2.8200
2021-11-11,2.9000
2021-11-10,2.9000
2021-11-09,2.9000
2021-11-08,3.0700
2021-11-05,3.0700
2021-11-04,2.9000
2021-11-03,3.1600
2021-11-02,3.7100
2021-11-01,7.0500
2021-10-29,5.8800
2021-10-28,5.8000
2021-10-27,5.0000
2021-10-26,4.5000
2021-10-25,4.1000
2021-10-22,3.9000
2021-10-21,3.8300
2021-10-20,3.7900
2021-10-19,3.7200
2021-10-18,3.7100
2021-10-15,3.4500
2021-10-14,3.2000
2021-10-13,3.1300
2021-10-12,3.0600
2021-10-11,3.0500
2021-10-08,2.8800
2021-10-07,2.8800
2021-10-06,2.8300
2021-10-05,2.7700
2021-10-04,2.7600
2021-10-01,2.7300
2021-09-30,2.7000
2021-09-29,2.6300
2021-09-28,2.6200
2021-09-27,2.6600
2021-09-24,2.5500
2021-09-23,2.4200
2021-09-22,2.3900
2021-09-21,2.4100
2021-09-20,2.3500
2021-09-17,2.3300
2021-09-16,2.2900
2021-09-15,2.3800
2021-09-14,2.2500
2021-09-13,2.2900
2021-09-10,2.3800
2021-09-09,2.4500
2021-09-08,2.6100
2021-09-07,2.6400
2021-09-03,2.6300
2021-09-02,2.5600
2021-09-01,2.8500
2021-08-31,2.9300
2021-08-30,2.8700
2021-08-27,2.8700
2021-08-26,2.7200
2021-08-25,3.0300
2021-08-24,3.5900
2021-08-23,3.5100
2021-08-20,3.3500
2021-08-19,3.1600
2021-08-18,2.9900
2021-08-17,2.9900
2021-08-16,2.9400
2021-08-13,2.7400
2021-08-12,2.5500
2021-08-11,2.5600
2021-08-10,2.5600
2021-08-09,2.6900
2021-08-06,2.7700
2021-08-05,2.8200
2021-08-04,2.7900
2021-08-03,2.7300
2021-08-02,2.7200
2021-07-30,2.6800
2021-07-29,2.7500
2021-07-28,2.6900
2021-07-27,2.6300
2021-07-26,2.5900
2021-07-23,2.5300
2021-07-22,2.4200
2021-07-21,2.4500
2021-07-20,2.3100
2021-07-19,2.2000
2021-07-16,2.2200
2021-07-15,2.1100
2021-07-14,2.1000
2021-07-13,2.2600
2021-07-12,2.2600
2021-07-09,2.3000
2021-07-08,2.3500
2021-07-07,2.2100
2021-07-06,2.5500
2021-07-02,2.5000
2021-07-01,2.5600
2021-06-30,2.3000
2021-06-29,2.3100
2021-06-28,2.3900
2021-06-25,2.4000
2021-06-24,2.4000
2021-06-23,2.5600
2021-06-22,2.3600
2021-06-21,2.3000
2021-06-18,2.1900
2021-06-17,2.3200
2021-06-16,2.4500
2021-06-15,2.5200
2021-06-14,2.8000
2021-06-11,2.7500
2021-06-10,2.9900
2021-06-09,3.5500
2021-06-08,3.3500
2021-06-07,3.2700
2021-06-04,2.9100
2021-06-03,3.0300
2021-06-02,3.3100
2021-06-01,2.8200
2021-05-28,3.1200
2021-05-27,2.8500
2021-05-26,2.9000
2021-05-25,2.9500
2021-05-24,2.8000
2021-05-21,2.6100
2021-05-20,2.6200
2021-05-19,2.4900
2021-05-18,2.5900
2021-05-17,2.1200
2021-05-14,1.9900
2021-05-13,1.8400
2021-05-12,1.7200
2021-05-11,1.4000
2021-05-10,1.3800
2021-05-07,1.4700
2021-05-06,1.6600
2021-05-05,1.8000
2021-05-04,1.8000
2021-05-03,2.0200
2021-04-30,2.0500
2021-04-29,2.0000
2021-04-28,2.1100
2021-04-27,2.1500
2021-04-26,2.2100
2021-04-23,1.9800
2021-04-22,1.9000
2021-04-21,1.8800
2021-04-20,1.9000
2021-04-19,1.9000
2021-04-16,1.9500
2021-04-15,2.0600
2021-04-14,2.0100
2021-04-13,2.0800
2021-04-12,2.1500
2021-04-09,2.3200
2021-04-08,2.4500
2021-04-07,2.5100
2021-04-06,2.7300
2021-04-05,2.9000
2021-04-01,3.1000
2021-03-31,3.1400
2021-03-30,3.0900
2021-03-29,3.2500
2021-03-26,3.4200
2021-03-25,3.0100
2021-03-24,3.5500
2021-03-23,3.9100
2021-03-22,4.1500
2021-03-19,4.0400
2021-03-18,4.0200
2021-03-17,4.3900
2021-03-16,3.7800
2021-03-15,3.7100
2021-03-12,3.8600
2021-03-11,3.8700
2021-03-10,3.8000
2021-03-09,3.7100
2021-03-08,2.8300
2021-03-05,3.0500
2021-03-04,2.8500
2021-03-03,2.5000
2021-03-02,2.2300
2021-03-01,2.1900
2021-02-26,1.6500
2021-02-25,1.8000
2021-02-24,1.9000
2021-02-23,1.7000
2021-02-22,2.5200
2021-02-19,2.2500
2021-02-18,2.3700
2021-02-17,2.1100
2021-02-16,2.4400
2021-02-12,2.1100
2021-02-11,2.1200
2021-02-10,2.0300
2021-02-09,1.7800
2021-02-08,1.7700
2021-02-05,1.4700
2021-02-04,1.3700
2021-02-03,1.3300
2021-02-02,1.2900
2021-02-01,1.2500
2021-01-29,1.2000
2021-01-28,1.2100
2021-01-27,1.2500
2021-01-26,1.3900
2021-01-25,1.2100
2021-01-22,1.1500
2021-01-21,1.1400
2021-01-20,1.0700
2021-01-19,1.0700
2021-01-15,1.0500
2021-01-14,1.1900
2021-01-13,1.1700
2021-01-12,1.1300
2021-01-11,0.9600
2021-01-08,0.8800
2021-01-07,0.8700
2021-01-06,0.8600
2021-01-05,0.8300
2021-01-04,0.8200
2020-12-31,0.8200
2020-12-30,0.8100
2020-12-29,0.8000
2020-12-28,0.8000
2020-12-24,0.8100
2020-12-23,0.8000
2020-12-22,0.8200
2020-12-21,0.8100
2020-12-18,0.8300
2020-12-17,0.8600
2020-12-16,0.8600
2020-12-15,0.8500
2020-12-14,0.8200
2020-12-11,0.8600
2020-12-10,0.8500
2020-12-09,0.8400
2020-12-08,0.8500
2020-12-07,0.8300
2020-12-04,0.8100
2020-12-03,0.8000
2020-12-02,0.7800
2020-12-01,0.8500
2020-11-30,0.8000
2020-11-27,0.9500
2020-11-25,0.9300
2020-11-24,0.8400
2020-11-23,0.7700
2020-11-20,0.7400
2020-11-19,0.7300
2020-11-18,0.7100
2020-11-17,0.7000
2020-11-16,0.7000
2020-11-13,0.7100
2020-11-12,0.7000
2020-11-11,0.7000
2020-11-10,0.6900
2020-11-09,0.6900
2020-11-06,0.6800
2020-11-05,0.7100
2020-11-04,0.7000
2020-11-03,0.6800
2020-11-02,0.6900
2020-10-30,0.7000
2020-10-29,0.7400
2020-10-28,0.7300
2020-10-27,0.7400
2020-10-26,0.7700
2020-10-23,0.8200
2020-10-22,0.9200
2020-10-21,0.6700
2020-10-20,0.6900
2020-10-19,0.6600
2020-10-16,0.6600
2020-10-15,0.7200
2020-10-14,0.7400
2020-10-13,0.7200
2020-10-12,0.7100
2020-10-09,0.6600
2020-10-08,0.6700
2020-10-07,0.6400
2020-10-06,0.6500
2020-10-05,0.6400
2020-10-02,0.6100
2020-10-01,0.6300
2020-09-30,0.6400
2020-09-29,0.5800
2020-09-28,0.5800
2020-09-25,0.5900
2020-09-24,0.5700
2020-09-23,0.6100
2020-09-22,0.6100
2020-09-21,0.6100
2020-09-18,0.6000
2020-09-17,0.6000
2020-09-16,0.6500
2020-09-15,0.6200
2020-09-14,0.6200
2020-09-11,0.6000
2020-09-10,0.6000
2020-09-09,0.6000
2020-09-08,0.6300
2020-09-04,0.6300
2020-09-03,0.6600
2020-09-02,0.7100
2020-09-01,0.7000
2020-08-31,0.7100
2020-08-28,0.7100
2020-08-27,0.7100
2020-08-26,0.6900
2020-08-25,0.6700
2020-08-24,0.6500
2020-08-21,0.7200
2020-08-20,0.6900
2020-08-19,0.7500
2020-08-18,0.7200
2020-08-17,0.7600
2020-08-14,0.7500
2020-08-13,0.9200
2020-08-12,0.9000
2020-08-11,0.9200
2020-08-10,0.9200
2020-08-07,0.9300
2020-08-06,0.9300
2020-08-05,0.9100
2020-08-04,0.8800
2020-08-03,0.8700
2020-07-31,0.9000
2020-07-30,0.9000
2020-07-29,0.9000
2020-07-28,0.8900
2020-07-27,0.9000
2020-07-24,0.9100
2020-07-23,0.9300
2020-07-22,0.9300
2020-07-21,0.9300
2020-07-20,0.9300
2020-07-17,0.9500
2020-07-16,0.8800
2020-07-15,0.9200
2020-07-14,0.8800
2020-07-13,1.0600
2020-07-10,1.1700
2020-07-09,1.2700
2020-07-08,0.7700
2020-07-07,0.7500
2020-07-06,0.7500
2020-07-02,0.7100
2020-07-01,0.7500
2020-06-30,0.7300
2020-06-29,0.7300
2020-06-26,0.7300
2020-06-25,0.7300
2020-06-24,0.7300
2020-06-23,0.7500
2020-06-22,0.7800
2020-06-19,0.7800
2020-06-18,0.7500
2020-06-17,0.8200
2020-06-16,0.8300
2020-06-15,0.6800
2020-06-12,0.6300
2020-06-11,0.6000
2020-06-10,0.6000
2020-06-09,0.6000
2020-06-08,0.6200
2020-06-05,0.6100
2020-06-04,0.6000
2020-06-03,0.6500
2020-06-02,0.6500
2020-06-01,0.5800
2020-05-29,0.5700
2020-05-28,0.6800
2020-05-27,0.6600
2020-05-26,0.5300
2020-05-22,0.5200
2020-05-21,0.4600
2020-05-20,0.4800
2020-05-19,0.4600
2020-05-18,0.5000
2020-05-15,0.4500
2020-05-14,0.4500
2020-05-13,0.4600
2020-05-12,0.4500
2020-05-11,0.4200
2020-05-08,0.4500
2020-05-07,0.4400
2020-05-06,0.4200
2020-05-05,0.4100
2020-05-04,0.4700
2020-05-01,0.4600
2020-04-30,0.4500
2020-04-29,0.4700
2020-04-28,0.4600
2020-04-27,0.4500
2020-04-24,0.4500
2020-04-23,0.4300
2020-04-22,0.4000
2020-04-21,0.5000
2020-04-20,0.5000
2020-04-17,0.4800
2020-04-16,0.4800
2020-04-15,0.4200
2020-04-14,0.4900
2020-04-13,0.5400
2020-04-09,0.4600
2020-04-08,0.5400
2020-04-07,0.3700
2020-04-06,0.4700
2020-04-03,0.4000
2020-04-02,0.4500
2020-04-01,0.4400
2020-03-31,0.4800
2020-03-30,0.4500
2020-03-27,0.3700
2020-03-26,0.3900
2020-03-25,0.4000
2020-03-24,0.3800
2020-03-23,0.3200
2020-03-20,0.4300
2020-03-19,0.4400
2020-03-18,0.4700
2020-03-17,0.6100
2020-03-16,0.4300
2020-03-13,0.4200
2020-03-12,0.4100
2020-03-11,0.5100
2020-03-10,0.5000
2020-03-09,0.5000
2020-03-06,0.7000
2020-03-05,0.7000
2020-03-04,0.7600
2020-03-03,0.7600
2020-03-02,0.8700
2020-02-28,0.8500
2020-02-27,0.8000
2020-02-26,0.8500
2020-02-25,0.7600
2020-02-24,0.8900
2020-02-21,0.9300
2020-02-20,0.8800
2020-02-19,0.9400
2020-02-18,0.9000
2020-02-14,0.8900
2020-02-13,0.9400
2020-02-12,0.9000
2020-02-11,0.8700
2020-02-10,0.8300
2020-02-07,0.5000
2020-02-06,0.9300
2020-02-05,0.9500
2020-02-04,0.9500
2020-02-03,0.9500
2020-01-31,0.9300
2020-01-30,0.9500
2020-01-29,0.9500
2020-01-28,0.9000
2020-01-27,0.9900
2020-01-24,0.9600
2020-01-23,0.9700
2020-01-22,0.9000
2020-01-21,0.9000
2020-01-17,0.9000
2020-01-16,0.9200
2020-01-15,0.9400
2020-01-14,0.9200
2020-01-13,0.9300
2020-01-10,0.9000
2020-01-09,0.9500
2020-01-08,0.9500
2020-01-07,0.9200
2020-01-06,0.9500
2020-01-03,0.9000
2020-01-02,0.9100
2019-12-31,0.9000
2019-12-30,0.9100
2019-12-27,0.9700
2019-12-26,0.9300
2019-12-24,0.9500
2019-12-23,0.9500
2019-12-20,1.0900
2019-12-19,0.9400
2019-12-18,1.0000
2019-12-17,0.9500
2019-12-16,0.9400
2019-12-13,0.9700
2019-12-12,0.9900
2019-12-11,0.9600
2019-12-10,0.9800
2019-12-09,0.9700
2019-12-06,0.9400
2019-12-05,0.9900
2019-12-04,0.9600
2019-12-03,0.9300
2019-12-02,1.0300
2019-11-29,1.0700
2019-11-27,1.0200
2019-11-26,1.0800
2019-11-25,1.1200
2019-11-22,1.1000
2019-11-21,1.0400
2019-11-20,1.0900
2019-11-19,1.0400
2019-11-18,1.0800
2019-11-15,1.0500
2019-11-14,1.0600
2019-11-13,1.0700
2019-11-12,0.9800
2019-11-11,0.9500
2019-11-08,0.9600
2019-11-07,0.9600
2019-11-06,0.9800
2019-11-05,0.9600
2019-11-04,0.9600
2019-11-01,0.9900
2019-10-31,0.9800
2019-10-30,0.9800
2019-10-29,0.9800
2019-10-28,0.9600
2019-10-25,0.9900
2019-10-24,0.9300
2019-10-23,0.9300
2019-10-22,0.9100
2019-10-21,0.9100
2019-10-18,0.9100
2019-10-17,0.9100
2019-10-16,0.9100
2019-10-15,0.9100
2019-10-14,0.8900
2019-10-11,0.9200
2019-10-10,0.9300
2019-10-09,0.9100
2019-10-08,0.9500
2019-10-07,0.9500
2019-10-04,0.9100
2019-10-03,0.9600
2019-10-02,0.9600
2019-10-01,0.9600
2019-09-30,0.9000
2019-09-27,0.9100
2019-09-26,0.9100
2019-09-25,0.9100
2019-09-24,0.9500
2019-09-23,0.9300
2019-09-20,0.9100
2019-09-19,0.9100
2019-09-18,0.9600
2019-09-17,0.9600
2019-09-16,0.9600
2019-09-13,0.9400
2019-09-12,0.9800
2019-09-11,0.9800
2019-09-10,0.9100
2019-09-09,0.8600
2019-09-06,0.9200
2019-09-05,0.9700
2019-09-04,0.9200
2019-09-03,0.9500
2019-08-30,0.9500
2019-08-29,0.8200
2019-08-28,0.8000
2019-08-27,0.8900
2019-08-26,0.8900
2019-08-23,0.9200
2019-08-22,0.9200
2019-08-21,0.9500
2019-08-20,0.9200
2019-08-19,0.9400
2019-08-16,0.9200
2019-08-15,0.9300
2019-08-14,0.9700
2019-08-13,0.9200
2019-08-12,0.9300
2019-08-09,0.9800
2019-08-08,0.9300
2019-08-07,0.9400
2019-08-06,0.9300
2019-08-05,0.9300
2019-08-02,0.9800
2019-08-01,0.9800
2019-07-31,0.9800
2019-07-30,0.9800
2019-07-29,0.9500
2019-07-26,0.9900
2019-07-25,0.9700
2019-07-24,0.9500
2019-07-23,0.9600
2019-07-22,0.9500
2019-07-19,0.9500
2019-07-18,0.9800
2019-07-17,1.0000
2019-07-16,0.9900
2019-07-15,1.0300
2019-07-12,1.0100
2019-07-11,1.0200
2019-07-10,1.0100
2019-07-09,0.9500
2019-07-08,1.1200
2019-07-05,1.0400
2019-07-03,1.0300
2019-07-02,1.0300
2019-07-01,1.0000
2019-06-28,1.0000
2019-06-27,0.9500
2019-06-26,0.9500
2019-06-25,0.9500
2019-06-24,0.9100
2019-06-21,0.9100
2019-06-20,0.9700
2019-06-19,0.9200
2019-06-18,0.9400
2019-06-17,0.9600
2019-06-14,1.0100
2019-06-13,1.0100
2019-06-12,0.9300
2019-06-11,0.9200
2019-06-10,0.9800
2019-06-07,0.9500
2019-06-06,0.9500
2019-06-05,0.9500
2019-06-04,0.9600
2019-06-03,0.9600
2019-05-31,0.9600
2019-05-30,0.9600
2019-05-29,0.9700
2019-05-28,0.9600
2019-05-24,0.9700
2019-05-23,0.9700
2019-05-22,0.9700
2019-05-21,1.0200
2019-05-20,0.9900
2019-05-17,0.9600
2019-05-16,0.9700
2019-05-15,0.9600
2019-05-14,0.9600
2019-05-13,0.9700
2019-05-10,0.9800
2019-05-09,0.9700
2019-05-08,1.0400
2019-05-07,0.9700
2019-05-06,1.0000
2019-05-03,0.9600
2019-05-02,0.9700
2019-05-01,0.9600
2019-04-30,0.9700
2019-04-29,1.0200
2019-04-26,0.9600
2019-04-25,0.9500
2019-04-24,0.9600
2019-04-23,0.9900
2019-04-22,0.9500
2019-04-18,0.9700
2019-04-17,0.9800
2019-04-16,0.9600
2019-04-15,1.0000
2019-04-12,1.0300
2019-04-11,1.0200
2019-04-10,1.0300
2019-04-09,1.0500
2019-04-08,1.0100
2019-04-05,1.0300
2019-04-04,1.0300
2019-04-03,1.0700
2019-04-02,1.1000
2019-04-01,1.1100
2019-03-29,1.0600
2019-03-28,1.1000
2019-03-27,1.0600
2019-03-26,1.0600
2019-03-25,1.0500
2019-03-22,1.0600
2019-03-21,1.1000
2019-03-20,1.0500
2019-03-19,1.0500
2019-03-18,1.0100
2019-03-15,0.9800
2019-03-14,0.9700
2019-03-13,1.0000
2019-03-12,0.9600
2019-03-11,0.9600
2019-03-08,1.0100
2019-03-07,0.9500
2019-03-06,1.0000
2019-03-05,1.0100
2019-03-04,1.0300
2019-03-01,1.0400
2019-02-28,1.0400
2019-02-27,1.0500
2019-02-26,1.1000
2019-02-25,1.1000
2019-02-22,1.0000
2019-02-21,1.0600
2019-02-20,1.0600
2019-02-19,1.0600
2019-02-15,1.0600
2019-02-14,1.0500
2019-02-13,0.9200
2019-02-12,0.9200
2019-02-11,0.9400
2019-02-08,0.9200
2019-02-07,0.9200
2019-02-06,0.9300
2019-02-05,0.9300
2019-02-04,0.9500
2019-02-01,0.9400
2019-01-31,0.9000
2019-01-30,0.8900
2019-01-29,0.8900
2019-01-28,0.8800
2019-01-25,0.9500
2019-01-24,0.9300
2019-01-23,0.9200
2019-01-22,0.9500
2019-01-18,1.0000
2019-01-17,0.9500
2019-01-16,0.9500
2019-01-15,0.9500
2019-01-14,0.9500
2019-01-11,0.9900
2019-01-10,0.9800
2019-01-09,0.9800
2019-01-08,0.9300
2019-01-07,0.9400
2019-01-04,0.9300
2019-01-03,0.9400
2019-01-02,0.9700
2018-12-31,0.7700
2018-12-28,0.7600
2018-12-27,0.8500
2018-12-26,0.9000
2018-12-24,0.9500
2018-12-21,0.9800
2018-12-20,0.9700
2018-12-19,1.1200
2018-12-18,1.1600
2018-12-17,1.1600
2018-12-14,1.1600
2018-12-13,1.1900
2018-12-12,1.1800
2018-12-11,1.1700
2018-12-10,1.1500
2018-12-07,1.1600
2018-12-06,1.1500
2018-12-04,1.1600
2018-12-03,1.1600
2018-11-30,1.1200
2018-11-29,1.1900
2018-11-28,1.1500
2018-11-27,1.1600
2018-11-26,1.1800
2018-11-23,1.1700
2018-11-21,1.1600
2018-11-20,1.1500
2018-11-19,1.1400
2018-11-16,1.1200
2018-11-15,1.1800
2018-11-14,1.3400
2018-11-13,1.2400
2018-11-12,1.2500
2018-11-09,1.2000
2018-11-08,1.3400
2018-11-07,1.3000
2018-11-06,1.2900
2018-11-05,1.2200
2018-11-02,1.1700
2018-11-01,1.1700
2018-10-31,1.2000
2018-10-30,1.1500
2018-10-29,1.1700
2018-10-26,1.2100
2018-10-25,1.2500
2018-10-24,1.2000
2018-10-23,1.1900
2018-10-22,1.2200
2018-10-19,1.2100
2018-10-18,1.2500
2018-10-17,1.2200
2018-10-16,1.2100
2018-10-15,1.2100
2018-10-12,1.2100
2018-10-11,1.2200
2018-10-10,1.2200
2018-10-09,1.2300
2018-10-08,1.2400
2018-10-05,1.2500
2018-10-04,1.2500
2018-10-03,1.2500
2018-10-02,1.2500
2018-10-01,1.2700
2018-09-28,1.2100
2018-09-27,1.2500
2018-09-26,1.3000
2018-09-25,1.3000
2018-09-24,1.2700
2018-09-21,1.2600
2018-09-20,1.2500
2018-09-19,1.2200
2018-09-18,1.2800
2018-09-17,1.2700
2018-09-14,1.3100
2018-09-13,1.1800
2018-09-12,1.3300
2018-09-11,1.3000
2018-09-10,1.2000
2018-09-07,1.2200
2018-09-06,1.2400
2018-09-05,1.3500
2018-09-04,1.3600
2018-08-31,1.4200
2018-08-30,1.4800
2018-08-29,1.5200
2018-08-28,1.5800
2018-08-27,1.5800
2018-08-24,1.5400
2018-08-23,1.6200
2018-08-22,1.6200
2018-08-21,1.5900
2018-08-20,1.5400
2018-08-17,1.5000
2018-08-16,1.5000
2018-08-15,1.4900
2018-08-14,1.5100
2018-08-13,1.5100
2018-08-10,1.4900
2018-08-09,1.4400
2018-08-08,1.4600
2018-08-07,1.4500
2018-08-06,1.5300
2018-08-03,1.5400
2018-08-02,1.4000
2018-08-01,1.5100
2018-07-31,1.5300
2018-07-30,1.5200
2018-07-27,1.5000
2018-07-26,1.5000
2018-07-25,1.6000
2018-07-24,1.4900
2018-07-23,1.4900
2018-07-20,1.4200
2018-07-19,1.4400
2018-07-18,1.3900
2018-07-17,1.4300
2018-07-16,1.4300
2018-07-13,1.3700
2018-07-12,1.3200
2018-07-11,1.2900
2018-07-10,1.2500
2018-07-09,1.1900
2018-07-06,1.1700
2018-07-05,1.1600
2018-07-03,1.3000
