,NZDUSD
2023-07-03,0.6128
2023-06-30,0.6060
2023-06-29,0.6052
2023-06-28,0.6071
2023-06-27,0.6158
2023-06-26,0.6139
2023-06-23,0.6118
2023-06-22,0.6185
2023-06-21,0.6158
2023-06-20,0.6136
2023-06-19,0.6193
2023-06-16,0.6211
2023-06-15,0.6161
2023-06-14,0.6143
2023-06-13,0.6108
2023-06-12,0.6108
2023-06-09,0.6086
2023-06-08,0.6042
2023-06-07,0.6047
2023-06-06,0.6047
2023-06-05,0.6043
2023-06-02,0.6059
2023-06-01,0.5992
2023-05-31,0.5989
2023-05-30,0.6026
2023-05-29,0.6046
2023-05-26,0.6034
2023-05-25,0.6045
2023-05-24,0.6104
2023-05-23,0.6235
2023-05-22,0.6263
2023-05-19,0.6231
2023-05-18,0.6205
2023-05-17,0.6230
2023-05-16,0.6225
2023-05-15,0.6189
2023-05-12,0.6187
2023-05-11,0.6290
2023-05-10,0.6325
2023-05-09,0.6320
2023-05-08,0.6296
2023-05-05,0.6268
2023-05-04,0.6208
2023-05-03,0.6214
2023-05-02,0.6165
2023-05-01,0.6166
2023-04-28,0.6126
2023-04-27,0.6116
2023-04-26,0.6121
2023-04-25,0.6143
2023-04-24,0.6127
2023-04-21,0.6128
2023-04-20,0.6151
2023-04-19,0.6174
2023-04-18,0.6181
2023-04-17,0.6162
2023-04-14,0.6206
2023-04-13,0.6205
2023-04-12,0.6183
2023-04-11,0.6194
2023-04-10,0.6195
2023-04-07,0.6214
2023-04-06,0.6240
2023-04-05,0.6287
2023-04-04,0.6276
2023-04-03,0.6210
2023-03-31,0.6242
2023-03-30,0.6205
2023-03-29,0.6216
2023-03-28,0.6202
2023-03-27,0.6182
2023-03-24,0.6193
2023-03-23,0.6228
2023-03-22,0.6174
2023-03-21,0.6169
2023-03-20,0.6230
2023-03-17,0.6194
2023-03-16,0.6147
2023-03-15,0.6176
2023-03-14,0.6202
2023-03-13,0.6143
2023-03-10,0.6096
2023-03-09,0.6099
2023-03-08,0.6086
2023-03-07,0.6124
2023-03-06,0.6174
2023-03-03,0.6194
2023-03-02,0.6201
2023-03-01,0.6167
2023-02-28,0.6135
2023-02-27,0.6133
2023-02-24,0.6153
2023-02-23,0.6206
2023-02-22,0.6208
2023-02-21,0.6209
2023-02-20,0.6224
2023-02-17,0.6195
2023-02-16,0.6236
2023-02-15,0.6254
2023-02-14,0.6299
2023-02-13,0.6291
2023-02-10,0.6304
2023-02-09,0.6305
2023-02-08,0.6298
2023-02-07,0.6275
2023-02-06,0.6272
2023-02-03,0.6344
2023-02-02,0.6465
2023-02-01,0.6419
2023-01-31,0.6414
2023-01-30,0.6474
2023-01-27,0.6464
2023-01-26,0.6459
2023-01-25,0.6451
2023-01-24,0.6467
2023-01-23,0.6439
2023-01-20,0.6393
2023-01-19,0.6367
2023-01-18,0.6426
2023-01-17,0.6368
2023-01-16,0.6362
2023-01-13,0.6336
2023-01-12,0.6329
2023-01-11,0.6336
2023-01-10,0.6344
2023-01-09,0.6346
2023-01-06,0.6193
2023-01-05,0.6212
2023-01-04,0.6247
2023-01-03,0.6201
2023-01-02,0.6317
2022-12-30,0.6312
2022-12-29,0.6300
2022-12-28,0.6259
2022-12-27,0.6271
2022-12-26,0.6257
2022-12-23,0.6235
2022-12-22,0.6246
2022-12-21,0.6279
2022-12-20,0.6302
2022-12-19,0.6344
2022-12-16,0.6343
2022-12-15,0.6340
2022-12-14,0.6434
2022-12-13,0.6375
2022-12-12,0.6367
2022-12-09,0.6368
2022-12-08,0.6329
2022-12-07,0.6311
2022-12-06,0.6305
2022-12-05,0.6306
2022-12-02,0.6330
2022-12-01,0.6309
2022-11-30,0.6192
2022-11-29,0.6163
2022-11-28,0.6193
2022-11-25,0.6220
2022-11-24,0.6239
2022-11-23,0.6141
2022-11-22,0.6097
2022-11-21,0.6090
2022-11-18,0.6128
2022-11-17,0.6066
2022-11-16,0.6132
2022-11-15,0.6087
2022-11-14,0.6063
2022-11-11,0.5986
2022-11-10,0.5842
2022-11-09,0.5884
2022-11-08,0.5901
2022-11-07,0.5875
2022-11-04,0.5758
2022-11-03,0.5743
2022-11-02,0.5840
2022-11-01,0.5821
2022-10-31,0.5776
2022-10-28,0.5785
2022-10-27,0.5792
2022-10-26,0.5728
2022-10-25,0.5674
2022-10-24,0.5659
2022-10-21,0.5602
2022-10-20,0.5626
2022-10-19,0.5657
2022-10-18,0.5647
2022-10-17,0.5553
2022-10-14,0.5564
2022-10-13,0.5517
2022-10-12,0.5561
2022-10-11,0.5537
2022-10-10,0.5547
2022-10-07,0.5612
2022-10-06,0.5643
2022-10-05,0.5662
2022-10-04,0.5682
2022-10-03,0.5615
2022-09-30,0.5641
2022-09-29,0.5649
2022-09-28,0.5569
2022-09-27,0.5641
2022-09-26,0.5660
2022-09-23,0.5756
2022-09-22,0.5806
2022-09-21,0.5873
2022-09-20,0.5888
2022-09-19,0.5931
2022-09-16,0.5944
2022-09-15,0.5974
2022-09-14,0.5979
2022-09-13,0.6012
2022-09-12,0.6098
2022-09-09,0.6069
2022-09-08,0.6033
2022-09-07,0.5998
2022-09-06,0.6037
2022-09-05,0.6079
2022-09-02,0.6052
2022-09-01,0.6062
2022-08-31,0.6112
2022-08-30,0.6124
2022-08-29,0.6103
2022-08-26,0.6158
2022-08-25,0.6178
2022-08-24,0.6165
2022-08-23,0.6161
2022-08-22,0.6157
2022-08-19,0.6172
2022-08-18,0.6250
2022-08-17,0.6260
2022-08-16,0.6319
2022-08-15,0.6357
2022-08-12,0.6423
2022-08-11,0.6385
2022-08-10,0.6276
2022-08-09,0.6272
2022-08-08,0.6232
2022-08-05,0.6215
2022-08-04,0.6267
2022-08-03,0.6214
2022-08-02,0.6272
2022-08-01,0.6280
2022-07-29,0.6221
2022-07-28,0.6253
2022-07-27,0.6197
2022-07-26,0.6226
2022-07-25,0.6219
2022-07-22,0.6213
2022-07-21,0.6186
2022-07-20,0.6231
2022-07-19,0.6143
2022-07-18,0.6150
2022-07-15,0.6119
2022-07-14,0.6062
2022-07-13,0.6082
2022-07-12,0.6101
2022-07-11,0.6100
2022-07-08,0.6135
2022-07-07,0.6141
2022-07-06,0.6134
2022-07-05,0.6126
2022-07-04,0.6198
2022-07-01,0.6149
2022-06-30,0.6200
2022-06-29,0.6206
2022-06-28,0.6247
2022-06-27,0.6284
2022-06-24,0.6278
2022-06-23,0.6249
2022-06-22,0.6245
2022-06-21,0.6319
2022-06-20,0.6307
2022-06-17,0.6270
2022-06-16,0.6234
2022-06-15,0.6219
2022-06-14,0.6215
2022-06-13,0.6259
2022-06-10,0.6352
2022-06-09,0.6399
2022-06-08,0.6436
2022-06-07,0.6424
2022-06-06,0.6486
2022-06-03,0.6505
2022-06-02,0.6461
2022-06-01,0.6466
2022-05-31,0.6484
2022-05-30,0.6533
2022-05-27,0.6475
2022-05-26,0.6449
2022-05-25,0.6427
2022-05-24,0.6425
2022-05-23,0.6420
2022-05-20,0.6366
2022-05-19,0.6295
2022-05-18,0.6327
2022-05-17,0.6308
2022-05-16,0.6231
2022-05-13,0.6226
2022-05-12,0.6226
2022-05-11,0.6283
2022-05-10,0.6281
2022-05-09,0.6332
2022-05-06,0.6397
2022-05-05,0.6405
2022-05-04,0.6424
2022-05-03,0.6412
2022-05-02,0.6420
2022-04-29,0.6474
2022-04-28,0.6454
2022-04-27,0.6529
2022-04-26,0.6580
2022-04-25,0.6584
2022-04-22,0.6628
2022-04-21,0.6735
2022-04-20,0.6737
2022-04-19,0.6721
2022-04-18,0.6721
2022-04-15,0.6769
2022-04-14,0.6769
2022-04-13,0.6758
2022-04-12,0.6807
2022-04-11,0.6814
2022-04-08,0.6824
2022-04-07,0.6883
2022-04-06,0.6926
2022-04-05,0.6944
2022-04-04,0.6907
2022-04-01,0.6898
2022-03-31,0.6930
2022-03-30,0.6940
2022-03-29,0.6878
2022-03-28,0.6889
2022-03-25,0.6946
2022-03-24,0.6943
2022-03-23,0.6937
2022-03-22,0.6865
2022-03-21,0.6878
2022-03-18,0.6868
2022-03-17,0.6825
2022-03-16,0.6743
2022-03-15,0.6730
2022-03-14,0.6775
2022-03-11,0.6816
2022-03-10,0.6813
2022-03-09,0.6800
2022-03-08,0.6801
2022-03-07,0.6824
2022-03-04,0.6770
2022-03-03,0.6763
2022-03-02,0.6746
2022-03-01,0.6750
2022-02-28,0.6678
2022-02-25,0.6687
2022-02-24,0.6632
2022-02-23,0.6736
2022-02-22,0.6693
2022-02-21,0.6685
2022-02-18,0.6688
2022-02-17,0.6662
2022-02-16,0.6634
2022-02-15,0.6603
2022-02-14,0.6594
2022-02-11,0.6629
2022-02-10,0.6656
2022-02-09,0.6642
2022-02-08,0.6629
2022-02-07,0.6604
2022-02-04,0.6591
2022-02-03,0.6613
2022-02-02,0.6625
2022-02-01,0.6567
2022-01-31,0.6544
2022-01-28,0.6534
2022-01-27,0.6588
2022-01-26,0.6679
2022-01-25,0.6662
2022-01-24,0.6662
2022-01-21,0.6709
2022-01-20,0.6757
2022-01-19,0.6766
2022-01-18,0.6759
2022-01-17,0.6789
2022-01-14,0.6809
2022-01-13,0.6843
2022-01-12,0.6775
2022-01-11,0.6742
2022-01-10,0.6738
2022-01-07,0.6737
2022-01-06,0.6735
2022-01-05,0.6796
2022-01-04,0.6766
2022-01-03,0.6776
2021-12-31,0.6822
2021-12-30,0.6818
2021-12-29,0.6790
2021-12-28,0.6791
2021-12-27,0.6790
2021-12-24,0.6812
2021-12-23,0.6797
2021-12-22,0.6741
2021-12-21,0.6706
2021-12-20,0.6703
2021-12-17,0.6746
2021-12-16,0.6759
2021-12-15,0.6728
2021-12-14,0.6737
2021-12-13,0.6747
2021-12-10,0.6771
2021-12-09,0.6782
2021-12-08,0.6769
2021-12-07,0.6738
2021-12-06,0.6742
2021-12-03,0.6751
2021-12-02,0.6800
2021-12-01,0.6820
2021-11-30,0.6774
2021-11-29,0.6789
2021-11-26,0.6806
2021-11-25,0.6841
2021-11-24,0.6867
2021-11-23,0.6917
2021-11-22,0.6965
2021-11-19,0.6994
2021-11-18,0.6996
2021-11-17,0.6982
2021-11-16,0.6993
2021-11-15,0.7033
2021-11-12,0.6998
2021-11-11,0.7015
2021-11-10,0.7078
2021-11-09,0.7111
2021-11-08,0.7105
2021-11-05,0.7074
2021-11-04,0.7096
2021-11-03,0.7115
2021-11-02,0.7102
2021-11-01,0.7162
2021-10-29,0.7137
2021-10-28,0.7153
2021-10-27,0.7133
2021-10-26,0.7154
2021-10-25,0.7132
2021-10-22,0.7134
2021-10-21,0.7165
2021-10-20,0.7152
2021-10-19,0.7092
2021-10-18,0.7051
2021-10-15,0.7030
2021-10-14,0.6969
2021-10-13,0.6915
2021-10-12,0.6925
2021-10-11,0.6921
2021-10-08,0.6910
2021-10-07,0.6910
2021-10-06,0.6878
2021-10-05,0.6930
2021-10-04,0.6928
2021-10-01,0.6878
2021-09-30,0.6861
2021-09-29,0.6868
2021-09-28,0.6951
2021-09-27,0.6993
2021-09-24,0.6999
2021-09-23,0.6983
2021-09-22,0.6996
2021-09-21,0.6995
2021-09-20,0.7007
2021-09-17,0.7028
2021-09-16,0.7061
2021-09-15,0.7075
2021-09-14,0.7103
2021-09-13,0.7099
2021-09-10,0.7091
2021-09-09,0.7084
2021-09-08,0.7078
2021-09-07,0.7089
2021-09-06,0.7129
2021-09-03,0.7108
2021-09-02,0.7059
2021-09-01,0.7037
2021-08-31,0.6998
2021-08-30,0.6989
2021-08-27,0.6934
2021-08-26,0.6949
2021-08-25,0.6932
2021-08-24,0.6880
2021-08-23,0.6831
2021-08-20,0.6807
2021-08-19,0.6810
2021-08-18,0.6877
2021-08-17,0.6906
2021-08-16,0.7013
2021-08-13,0.6996
2021-08-12,0.6998
2021-08-11,0.6994
2021-08-10,0.6970
2021-08-09,0.6986
2021-08-06,0.7003
2021-08-05,0.7039
2021-08-04,0.7037
2021-08-03,0.6985
2021-08-02,0.6954
2021-07-30,0.6976
2021-07-29,0.6951
2021-07-28,0.6918
2021-07-27,0.6941
2021-07-26,0.6951
2021-07-23,0.6962
2021-07-22,0.6949
2021-07-21,0.6896
2021-07-20,0.6884
2021-07-19,0.6925
2021-07-16,0.6991
2021-07-15,0.6985
2021-07-14,0.6941
2021-07-13,0.6920
2021-07-12,0.6951
2021-07-09,0.6924
2021-07-08,0.6938
2021-07-07,0.6991
2021-07-06,0.6992
2021-07-05,0.7015
2021-07-02,0.6953
2021-07-01,0.6973
2021-06-30,0.6967
2021-06-29,0.6981
2021-06-28,0.7034
2021-06-25,0.7060
2021-06-24,0.7043
2021-06-23,0.6997
2021-06-22,0.6965
2021-06-21,0.6945
2021-06-18,0.6924
2021-06-17,0.7001
2021-06-16,0.7123
2021-06-15,0.7106
2021-06-14,0.7128
2021-06-11,0.7117
2021-06-10,0.7166
2021-06-09,0.7171
2021-06-08,0.7190
2021-06-07,0.7192
2021-06-04,0.7134
2021-06-03,0.7140
2021-06-02,0.7211
2021-06-01,0.7248
2021-05-31,0.7232
2021-05-28,0.7214
2021-05-27,0.7267
2021-05-26,0.7224
2021-05-25,0.7210
2021-05-24,0.7161
2021-05-21,0.7165
2021-05-20,0.7158
2021-05-19,0.7174
2021-05-18,0.7216
2021-05-17,0.7183
2021-05-14,0.7171
2021-05-13,0.7136
2021-05-12,0.7164
2021-05-11,0.7254
2021-05-10,0.7272
2021-05-07,0.7207
2021-05-06,0.7186
2021-05-05,0.7151
2021-05-04,0.7118
2021-05-03,0.7157
2021-04-30,0.7162
2021-04-29,0.7224
2021-04-28,0.7189
2021-04-27,0.7203
2021-04-26,0.7192
2021-04-23,0.7154
2021-04-22,0.7161
2021-04-21,0.7164
2021-04-20,0.7177
2021-04-19,0.7123
2021-04-16,0.7133
2021-04-15,0.7139
2021-04-14,0.7051
2021-04-13,0.7006
2021-04-12,0.7015
2021-04-09,0.7011
2021-04-08,0.7006
2021-04-07,0.7021
2021-04-06,0.7009
2021-04-05,0.7017
2021-04-02,0.7015
2021-04-01,0.6947
2021-03-31,0.6965
2021-03-30,0.6977
2021-03-29,0.6974
2021-03-26,0.6962
2021-03-25,0.6946
2021-03-24,0.6957
2021-03-23,0.7021
2021-03-22,0.7140
2021-03-19,0.7144
2021-03-18,0.7176
2021-03-17,0.7157
2021-03-16,0.7171
2021-03-15,0.7169
2021-03-12,0.7152
2021-03-11,0.7187
2021-03-10,0.7133
2021-03-09,0.7104
2021-03-08,0.7106
2021-03-05,0.7104
2021-03-04,0.7229
2021-03-03,0.7238
2021-03-02,0.7211
2021-03-01,0.7227
2021-02-26,0.7244
2021-02-25,0.7421
2021-02-24,0.7322
2021-02-23,0.7308
2021-02-22,0.7282
2021-02-19,0.7205
2021-02-18,0.7178
2021-02-17,0.7160
2021-02-16,0.7204
2021-02-15,0.7217
2021-02-12,0.7177
2021-02-11,0.7205
2021-02-10,0.7202
2021-02-09,0.7218
2021-02-08,0.7179
2021-02-05,0.7137
2021-02-04,0.7155
2021-02-03,0.7186
2021-02-02,0.7137
2021-02-01,0.7155
2021-01-29,0.7152
2021-01-28,0.7107
2021-01-27,0.7152
2021-01-26,0.7169
2021-01-25,0.7172
2021-01-22,0.7168
2021-01-21,0.7178
2021-01-20,0.7117
2021-01-19,0.7104
2021-01-18,0.7098
2021-01-15,0.7121
2021-01-14,0.7172
2021-01-13,0.7168
2021-01-12,0.7159
2021-01-11,0.7149
2021-01-08,0.7231
2021-01-07,0.7227
2021-01-06,0.7237
2021-01-05,0.7174
2021-01-04,0.7164
2021-01-01,0.7183
2020-12-31,0.7192
2020-12-30,0.7148
2020-12-29,0.7108
2020-12-28,0.7087
2020-12-25,0.7105
2020-12-24,0.7092
2020-12-23,0.7032
2020-12-22,0.7033
2020-12-21,0.7004
2020-12-18,0.7112
2020-12-17,0.7104
2020-12-16,0.7072
2020-12-15,0.7060
2020-12-14,0.7078
2020-12-11,0.7076
2020-12-10,0.7015
2020-12-09,0.7037
2020-12-08,0.7025
2020-12-07,0.7007
2020-12-04,0.7029
2020-12-03,0.7053
2020-12-02,0.7033
2020-12-01,0.7020
2020-11-30,0.7014
2020-11-27,0.7003
2020-11-26,0.6994
2020-11-25,0.6962
2020-11-24,0.6926
2020-11-23,0.6900
2020-11-20,0.6907
2020-11-19,0.6880
2020-11-18,0.6877
2020-11-17,0.6877
2020-11-16,0.6864
2020-11-13,0.6812
2020-11-12,0.6857
2020-11-11,0.6814
2020-11-10,0.6805
2020-11-09,0.6791
2020-11-06,0.6762
2020-11-05,0.6681
2020-11-04,0.6619
2020-11-03,0.6623
2020-11-02,0.6590
2020-10-30,0.6605
2020-10-29,0.6599
2020-10-28,0.6630
2020-10-27,0.6679
2020-10-26,0.6673
2020-10-23,0.6658
2020-10-22,0.6634
2020-10-21,0.6579
2020-10-20,0.6554
2020-10-19,0.6612
2020-10-16,0.6588
2020-10-15,0.6578
2020-10-14,0.6646
2020-10-13,0.6630
2020-10-12,0.6643
2020-10-09,0.6589
2020-10-08,0.6548
2020-10-07,0.6577
2020-10-06,0.6625
2020-10-05,0.6633
2020-10-02,0.6616
2020-10-01,0.6618
2020-09-30,0.6571
2020-09-29,0.6554
2020-09-28,0.6541
2020-09-25,0.6531
2020-09-24,0.6512
2020-09-23,0.6564
2020-09-22,0.6633
2020-09-21,0.6653
2020-09-18,0.6759
2020-09-17,0.6677
2020-09-16,0.6704
2020-09-15,0.6687
2020-09-14,0.6678
2020-09-11,0.6647
2020-09-10,0.6665
2020-09-09,0.6612
2020-09-08,0.6628
2020-09-07,0.6694
2020-09-04,0.6670
2020-09-03,0.6707
2020-09-02,0.6743
2020-09-01,0.6731
2020-08-31,0.6722
2020-08-28,0.6638
2020-08-27,0.6603
2020-08-26,0.6545
2020-08-25,0.6516
2020-08-24,0.6527
2020-08-21,0.6519
2020-08-20,0.6491
2020-08-19,0.6601
2020-08-18,0.6536
2020-08-17,0.6521
2020-08-14,0.6527
2020-08-13,0.6555
2020-08-12,0.6534
2020-08-11,0.6573
2020-08-10,0.6579
2020-08-07,0.6606
2020-08-06,0.6630
2020-08-05,0.6631
2020-08-04,0.6591
2020-08-03,0.6577
2020-07-31,0.6641
2020-07-30,0.6622
2020-07-29,0.6643
2020-07-28,0.6634
2020-07-27,0.6645
2020-07-24,0.6616
2020-07-23,0.6633
2020-07-22,0.6634
2020-07-21,0.6560
2020-07-20,0.6540
2020-07-17,0.6534
2020-07-16,0.6538
2020-07-15,0.6542
2020-07-14,0.6507
2020-07-13,0.6555
2020-07-10,0.6547
2020-07-09,0.6554
2020-07-08,0.6531
2020-07-07,0.6521
2020-07-06,0.6534
2020-07-03,0.6505
2020-07-02,0.6476
2020-07-01,0.6442
2020-06-30,0.6387
2020-06-29,0.6407
2020-06-26,0.6405
2020-06-25,0.6401
2020-06-24,0.6411
2020-06-23,0.6440
2020-06-22,0.6397
2020-06-19,0.6408
2020-06-18,0.6425
2020-06-17,0.6431
2020-06-16,0.6415
2020-06-15,0.6384
2020-06-12,0.6396
2020-06-11,0.6452
2020-06-10,0.6496
2020-06-09,0.6471
2020-06-08,0.6511
2020-06-05,0.6460
2020-06-04,0.6406
2020-06-03,0.6368
2020-06-02,0.6266
2020-06-01,0.6198
2020-05-29,0.6176
2020-05-28,0.6171
2020-05-27,0.6154
2020-05-26,0.6102
2020-05-25,0.6085
2020-05-22,0.6083
2020-05-21,0.6108
2020-05-20,0.6087
2020-05-19,0.6035
2020-05-18,0.5931
2020-05-15,0.5923
2020-05-14,0.5960
2020-05-13,0.6002
2020-05-12,0.6043
2020-05-11,0.6062
2020-05-08,0.6091
2020-05-07,0.6010
2020-05-06,0.6013
2020-05-05,0.6034
2020-05-04,0.6010
2020-05-01,0.6049
2020-04-30,0.6110
2020-04-29,0.6077
2020-04-28,0.5993
2020-04-27,0.6019
2020-04-24,0.5978
2020-04-23,0.5915
2020-04-22,0.5943
2020-04-21,0.5936
2020-04-20,0.6011
2020-04-17,0.5969
2020-04-16,0.5941
2020-04-15,0.5957
2020-04-14,0.6067
2020-04-13,0.6061
2020-04-10,0.6061
2020-04-09,0.5987
2020-04-08,0.5943
2020-04-07,0.5937
2020-04-06,0.5852
2020-04-03,0.5845
2020-04-02,0.5882
2020-04-01,0.5883
2020-03-31,0.5922
2020-03-30,0.5988
2020-03-27,0.5914
2020-03-26,0.5780
2020-03-25,0.5792
2020-03-24,0.5738
2020-03-23,0.5598
2020-03-20,0.5650
2020-03-19,0.5479
2020-03-18,0.5770
2020-03-17,0.5934
2020-03-16,0.5989
2020-03-13,0.6049
2020-03-12,0.6095
2020-03-11,0.6260
2020-03-10,0.6263
2020-03-09,0.6045
2020-03-06,0.6296
2020-03-05,0.6283
2020-03-04,0.6273
2020-03-03,0.6248
2020-03-02,0.6205
2020-02-28,0.6200
2020-02-27,0.6285
2020-02-26,0.6294
2020-02-25,0.6312
2020-02-24,0.6305
2020-02-21,0.6305
2020-02-20,0.6327
2020-02-19,0.6374
2020-02-18,0.6384
2020-02-17,0.6421
2020-02-14,0.6424
2020-02-13,0.6442
2020-02-12,0.6405
2020-02-11,0.6380
2020-02-10,0.6383
2020-02-07,0.6404
2020-02-06,0.6455
2020-02-05,0.6474
2020-02-04,0.6451
2020-02-03,0.6455
2020-01-31,0.6455
2020-01-30,0.6487
2020-01-29,0.6509
2020-01-28,0.6522
2020-01-27,0.6547
2020-01-24,0.6600
2020-01-23,0.6582
2020-01-22,0.6583
2020-01-21,0.6590
2020-01-20,0.6594
2020-01-17,0.6608
2020-01-16,0.6619
2020-01-15,0.6587
2020-01-14,0.6605
2020-01-13,0.6622
2020-01-10,0.6603
2020-01-09,0.6601
2020-01-08,0.6619
2020-01-07,0.6627
2020-01-06,0.6646
2020-01-03,0.6646
2020-01-02,0.6687
2020-01-01,0.6723
2019-12-31,0.6721
2019-12-30,0.6706
2019-12-27,0.6668
2019-12-26,0.6642
2019-12-25,0.6632
2019-12-24,0.6624
2019-12-23,0.6602
2019-12-20,0.6591
2019-12-19,0.6574
2019-12-18,0.6555
2019-12-17,0.6566
2019-12-16,0.6591
2019-12-13,0.6585
2019-12-12,0.6576
2019-12-11,0.6524
2019-12-10,0.6530
2019-12-09,0.6550
2019-12-06,0.6542
2019-12-05,0.6522
2019-12-04,0.6505
2019-12-03,0.6498
2019-12-02,0.6433
2019-11-29,0.6410
2019-11-28,0.6410
2019-11-27,0.6415
2019-11-26,0.6407
2019-11-25,0.6396
2019-11-22,0.6400
2019-11-21,0.6399
2019-11-20,0.6406
2019-11-19,0.6383
2019-11-18,0.6392
2019-11-15,0.6373
2019-11-14,0.6366
2019-11-13,0.6332
2019-11-12,0.6326
2019-11-11,0.6333
2019-11-08,0.6323
2019-11-07,0.6344
2019-11-06,0.6362
2019-11-05,0.6373
2019-11-04,0.6413
2019-11-01,0.6408
2019-10-31,0.6393
2019-10-30,0.6343
2019-10-29,0.6341
2019-10-28,0.6335
2019-10-25,0.6357
2019-10-24,0.6376
2019-10-23,0.6387
2019-10-22,0.6408
2019-10-21,0.6385
2019-10-18,0.6355
2019-10-17,0.6285
2019-10-16,0.6244
2019-10-15,0.6260
2019-10-14,0.6282
2019-10-11,0.6318
2019-10-10,0.6286
2019-10-09,0.6299
2019-10-08,0.6289
2019-10-07,0.6285
2019-10-04,0.6304
2019-10-03,0.6257
2019-10-02,0.6221
2019-10-01,0.6207
2019-09-30,0.6251
2019-09-27,0.6280
2019-09-26,0.6272
2019-09-25,0.6275
2019-09-24,0.6289
2019-09-23,0.6260
2019-09-20,0.6257
2019-09-19,0.6300
2019-09-18,0.6330
2019-09-17,0.6324
2019-09-16,0.6351
2019-09-13,0.6377
2019-09-12,0.6415
2019-09-11,0.6409
2019-09-10,0.6411
2019-09-09,0.6414
2019-09-06,0.6371
2019-09-05,0.6357
2019-09-04,0.6328
2019-09-03,0.6271
2019-09-02,0.6291
2019-08-30,0.6291
2019-08-29,0.6307
2019-08-28,0.6327
2019-08-27,0.6360
2019-08-26,0.6364
2019-08-23,0.6370
2019-08-22,0.6363
2019-08-21,0.6397
2019-08-20,0.6404
2019-08-19,0.6410
2019-08-16,0.6425
2019-08-15,0.6429
2019-08-14,0.6425
2019-08-13,0.6424
2019-08-12,0.6445
2019-08-09,0.6478
2019-08-08,0.6437
2019-08-07,0.6379
2019-08-06,0.6524
2019-08-05,0.6490
2019-08-02,0.6506
2019-08-01,0.6537
2019-07-31,0.6589
2019-07-30,0.6604
2019-07-29,0.6617
2019-07-26,0.6628
2019-07-25,0.6668
2019-07-24,0.6693
2019-07-23,0.6706
2019-07-22,0.6760
2019-07-19,0.6766
2019-07-18,0.6730
2019-07-17,0.6702
2019-07-16,0.6702
2019-07-15,0.6695
2019-07-12,0.6661
2019-07-11,0.6645
2019-07-10,0.6588
2019-07-09,0.6602
2019-07-08,0.6623
2019-07-05,0.6604
2019-07-04,0.6679
2019-07-03,0.6675
2019-07-02,0.6658
2019-07-01,0.6674
2019-06-28,0.6692
2019-06-27,0.6673
2019-06-26,0.6626
2019-06-25,0.6625
2019-06-24,0.6592
2019-06-21,0.6555
2019-06-20,0.6555
2019-06-19,0.6516
2019-06-18,0.6492
2019-06-17,0.6498
2019-06-14,0.6500
2019-06-13,0.6558
2019-06-12,0.6568
2019-06-11,0.6571
2019-06-10,0.6613
2019-06-07,0.6615
2019-06-06,0.6621
2019-06-05,0.6611
2019-06-04,0.6579
2019-06-03,0.6534
2019-05-31,0.6499
2019-05-30,0.6497
2019-05-29,0.6507
2019-05-28,0.6545
2019-05-27,0.6544
2019-05-24,0.6514
2019-05-23,0.6483
2019-05-21,0.6502
2019-05-20,0.6527
2019-05-17,0.6521
2019-05-16,0.6547
2019-05-15,0.6552
2019-05-14,0.6574
2019-05-13,0.6569
2019-05-10,0.6588
2019-05-09,0.6570
2019-05-08,0.6541
2019-05-07,0.6591
2019-05-06,0.6603
2019-05-03,0.6611
2019-05-02,0.6610
2019-05-01,0.6645
2019-04-30,0.6656
2019-04-29,0.6658
2019-04-26,0.6628
2019-04-25,0.6582
2019-04-24,0.6602
2019-04-23,0.6631
2019-04-22,0.6674
2019-04-19,0.6683
2019-04-18,0.6676
2019-04-17,0.6700
2019-04-16,0.6743
2019-04-15,0.6752
2019-04-12,0.6716
2019-04-11,0.6726
2019-04-10,0.6739
2019-04-09,0.6739
2019-04-08,0.6724
2019-04-05,0.6720
2019-04-04,0.6749
2019-04-03,0.6745
2019-04-02,0.6740
2019-04-01,0.6812
2019-03-29,0.6779
2019-03-28,0.6783
2019-03-27,0.6789
2019-03-26,0.6896
2019-03-25,0.6874
2019-03-22,0.6868
2019-03-21,0.6875
2019-03-20,0.6830
2019-03-19,0.6843
2019-03-18,0.6841
2019-03-15,0.6836
2019-03-14,0.6811
2019-03-13,0.6831
2019-03-12,0.6830
2019-03-11,0.6792
2019-03-08,0.6754
2019-03-07,0.6765
2019-03-06,0.6755
2019-03-05,0.6770
2019-03-04,0.6797
2019-03-01,0.6805
2019-02-28,0.6797
2019-02-27,0.6838
2019-02-26,0.6873
2019-02-25,0.6862
2019-02-22,0.6764
2019-02-21,0.6804
2019-02-20,0.6852
2019-02-19,0.6816
2019-02-18,0.6842
2019-02-15,0.6811
2019-02-14,0.6804
2019-02-13,0.6731
2019-02-12,0.6722
2019-02-11,0.6730
2019-02-08,0.6731
2019-02-07,0.6746
2019-02-06,0.6837
2019-02-05,0.6873
2019-02-04,0.6871
2019-02-01,0.6902
2019-01-31,0.6896
2019-01-30,0.6823
2019-01-29,0.6819
2019-01-28,0.6833
2019-01-25,0.6749
2019-01-24,0.6764
2019-01-23,0.6752
2019-01-22,0.6708
2019-01-21,0.6715
2019-01-18,0.6748
2019-01-17,0.6730
2019-01-16,0.6757
2019-01-15,0.6807
2019-01-14,0.6798
2019-01-11,0.6785
2019-01-10,0.6772
2019-01-09,0.6737
2019-01-08,0.6710
2019-01-07,0.6732
2019-01-04,0.6674
2019-01-03,0.6616
2019-01-02,0.6663
2019-01-01,0.6709
2018-12-31,0.6694
2018-12-28,0.6694
2018-12-27,0.6698
2018-12-26,0.6722
2018-12-25,0.6728
2018-12-24,0.6714
2018-12-21,0.6726
2018-12-20,0.6726
2018-12-19,0.6852
2018-12-18,0.6812
2018-12-17,0.6786
2018-12-14,0.6780
2018-12-13,0.6844
2018-12-12,0.6826
2018-12-11,0.6864
2018-12-10,0.6845
2018-12-07,0.6859
2018-12-06,0.6859
2018-12-05,0.6901
2018-12-04,0.6926
2018-12-03,0.6891
2018-11-30,0.6854
2018-11-29,0.6840
2018-11-28,0.6785
2018-11-27,0.6755
2018-11-26,0.6768
2018-11-23,0.6769
2018-11-22,0.6791
2018-11-21,0.6783
2018-11-20,0.6806
2018-11-19,0.6818
2018-11-16,0.6801
2018-11-15,0.6789
2018-11-14,0.6766
2018-11-13,0.6711
2018-11-12,0.6707
2018-11-09,0.6733
2018-11-08,0.6772
2018-11-07,0.6718
2018-11-06,0.6647
2018-11-05,0.6635
2018-11-02,0.6649
2018-11-01,0.6523
2018-10-31,0.6529
2018-10-30,0.6523
2018-10-29,0.6516
2018-10-26,0.6466
2018-10-25,0.6508
2018-10-24,0.6523
2018-10-23,0.6536
2018-10-22,0.6550
2018-10-19,0.6536
2018-10-18,0.6536
2018-10-17,0.6559
2018-10-16,0.6561
2018-10-15,0.6498
2018-10-12,0.6508
2018-10-11,0.6459
2018-10-10,0.6455
2018-10-09,0.6429
2018-10-08,0.6426
2018-10-05,0.6437
2018-10-04,0.6485
2018-10-03,0.6537
2018-10-02,0.6576
2018-10-01,0.6601
2018-09-28,0.6600
2018-09-27,0.6622
2018-09-26,0.6643
2018-09-25,0.6632
2018-09-24,0.6646
2018-09-21,0.6670
2018-09-20,0.6640
2018-09-19,0.6574
2018-09-18,0.6564
2018-09-17,0.6540
2018-09-14,0.6560
2018-09-13,0.6545
2018-09-12,0.6504
2018-09-11,0.6502
2018-09-10,0.6514
2018-09-07,0.6550
2018-09-06,0.6574
2018-09-05,0.6534
2018-09-04,0.6542
2018-09-03,0.6595
2018-08-31,0.6613
2018-08-30,0.6640
2018-08-29,0.6686
2018-08-28,0.6679
2018-08-27,0.6671
2018-08-24,0.6624
2018-08-23,0.6652
2018-08-22,0.6683
2018-08-21,0.6638
2018-08-20,0.6612
2018-08-17,0.6582
2018-08-16,0.6558
2018-08-15,0.6547
2018-08-14,0.6572
2018-08-13,0.6572
2018-08-10,0.6574
2018-08-09,0.6621
2018-08-08,0.6724
2018-08-07,0.6726
2018-08-06,0.6726
2018-08-03,0.6722
2018-08-02,0.6750
2018-08-01,0.6789
2018-07-31,0.6803
2018-07-30,0.6793
2018-07-27,0.6764
2018-07-26,0.6789
2018-07-25,0.6787
2018-07-24,0.6771
2018-07-23,0.6781
2018-07-20,0.6722
2018-07-19,0.6716
2018-07-18,0.6745
2018-07-17,0.6772
2018-07-16,0.6760
2018-07-13,0.6727
2018-07-12,0.6750
2018-07-11,0.6782
2018-07-10,0.6809
2018-07-09,0.6833
2018-07-06,0.6783
2018-07-05,0.6752
2018-07-04,0.6752
2018-07-03,0.6690
